"file","exists","opsCard","queueGroup","checkTracking","removeQueueGroup","saveStateRules","verifyChauffeur","ordCoord","mdwCoord","black","blackSuv","result"
"rydinex_driver_airport_intel/code.html","PASS","PASS","PASS","PASS","PASS","PASS","PASS","PASS","PASS","PASS","PASS","PASS"
"rydinex_driver_airport_queues_1/code.html","PASS","PASS","PASS","PASS","PASS","PASS","PASS","PASS","PASS","PASS","PASS","PASS"
"rydinex_driver_airport_queues_2/code.html","PASS","PASS","PASS","PASS","PASS","PASS","PASS","PASS","PASS","PASS","PASS","PASS"
"rydinex_driver_airport_queues_3/code.html","PASS","PASS","PASS","PASS","PASS","PASS","PASS","PASS","PASS","PASS","PASS","PASS"
"rydinex_driver_airport_staging_tracking/code.html","PASS","PASS","PASS","PASS","PASS","PASS","PASS","PASS","PASS","PASS","PASS","PASS"
"rydinex_driver_city_event_hub_1/code.html","PASS","PASS","PASS","PASS","PASS","PASS","PASS","PASS","PASS","PASS","PASS","PASS"
"rydinex_driver_city_event_hub_2/code.html","PASS","PASS","PASS","PASS","PASS","PASS","PASS","PASS","PASS","PASS","PASS","PASS"
"rydinex_driver_city_event_hub_3/code.html","PASS","PASS","PASS","PASS","PASS","PASS","PASS","PASS","PASS","PASS","PASS","PASS"
"rydinex_driver_city_event_hub_refined_surge/code.html","PASS","PASS","PASS","PASS","PASS","PASS","PASS","PASS","PASS","PASS","PASS","PASS"
"rydinex_driver_city_event_hub_updated_surge/code.html","PASS","PASS","PASS","PASS","PASS","PASS","PASS","PASS","PASS","PASS","PASS","PASS"
"rydinex_driver_event_hub_mccormick_place/code.html","PASS","PASS","PASS","PASS","PASS","PASS","PASS","PASS","PASS","PASS","PASS","PASS"
"rydinex_driver_event_hub_refined_surge/code.html","PASS","PASS","PASS","PASS","PASS","PASS","PASS","PASS","PASS","PASS","PASS","PASS"
"rydinex_driver_event_hub_updated_surge/code.html","PASS","PASS","PASS","PASS","PASS","PASS","PASS","PASS","PASS","PASS","PASS","PASS"
"rydinex_driver_queue_next_3_alert/code.html","PASS","PASS","PASS","PASS","PASS","PASS","PASS","PASS","PASS","PASS","PASS","PASS"
"rydinex_driver_queue_position_tracker_1/code.html","PASS","PASS","PASS","PASS","PASS","PASS","PASS","PASS","PASS","PASS","PASS","PASS"
"rydinex_driver_queue_position_tracker_2/code.html","PASS","PASS","PASS","PASS","PASS","PASS","PASS","PASS","PASS","PASS","PASS","PASS"
"rydinex_driver_queue_position_tracker_3/code.html","PASS","PASS","PASS","PASS","PASS","PASS","PASS","PASS","PASS","PASS","PASS","PASS"
"rydinex_driver_queue_status_break_mode/code.html","PASS","PASS","PASS","PASS","PASS","PASS","PASS","PASS","PASS","PASS","PASS","PASS"
"rydinex_driver_short_trip_priority_refined/code.html","PASS","PASS","PASS","PASS","PASS","PASS","PASS","PASS","PASS","PASS","PASS","PASS"
